<?xml version="1.0"?>
<odoo>

    <record id="ir_cron_create_tradeindia" model="ir.cron">
        <field name="name">TradeIndia : Create Enquiry</field>
        <field name="model_id" ref="model_crm_lead"/>
        <field name="state">code</field>
        <field name="code">model.create_enquiry_from_tradeindia()</field>
        <field name="interval_number">1</field>
        <field name="interval_type">hours</field>
        <field name="numbercall">-1</field>
        <field name="active" eval="True"/>
        <field name="doall" eval="False"/>
    </record>

    <!-- UTM Source -->
        <record model="utm.source" id="utm_source_search_engine">
            <field name="name">Tradeindia</field>
        </record>
</odoo>